[
  {
    "name": "Application Start",
    "start": 1568690624131,
    "end": 1568690628176,
    "duration": 4045,
    "pid": 11680,
    "index": 0
  },
  {
    "name": "Load Plugin",
    "start": 1568690624136,
    "end": 1568690624165,
    "duration": 29,
    "pid": 11680,
    "index": 1
  },
  {
    "name": "Load Config",
    "start": 1568690624165,
    "end": 1568690624201,
    "duration": 36,
    "pid": 11680,
    "index": 2
  },
  {
    "name": "Require(0) config/config.default.js",
    "start": 1568690624166,
    "end": 1568690624167,
    "duration": 1,
    "pid": 11680,
    "index": 3
  },
  {
    "name": "Require(1) node_modules/_egg-session@3.1.0@egg-session/config/config.default.js",
    "start": 1568690624168,
    "end": 1568690624169,
    "duration": 1,
    "pid": 11680,
    "index": 4
  },
  {
    "name": "Require(2) node_modules/_egg-security@2.6.1@egg-security/config/config.default.js",
    "start": 1568690624169,
    "end": 1568690624170,
    "duration": 1,
    "pid": 11680,
    "index": 5
  },
  {
    "name": "Require(3) node_modules/_egg-jsonp@2.0.0@egg-jsonp/config/config.default.js",
    "start": 1568690624171,
    "end": 1568690624171,
    "duration": 0,
    "pid": 11680,
    "index": 6
  },
  {
    "name": "Require(4) node_modules/_egg-onerror@2.1.0@egg-onerror/config/config.default.js",
    "start": 1568690624172,
    "end": 1568690624172,
    "duration": 0,
    "pid": 11680,
    "index": 7
  },
  {
    "name": "Require(5) node_modules/_egg-i18n@2.1.1@egg-i18n/config/config.default.js",
    "start": 1568690624173,
    "end": 1568690624173,
    "duration": 0,
    "pid": 11680,
    "index": 8
  },
  {
    "name": "Require(6) node_modules/_egg-watcher@3.1.0@egg-watcher/config/config.default.js",
    "start": 1568690624174,
    "end": 1568690624174,
    "duration": 0,
    "pid": 11680,
    "index": 9
  },
  {
    "name": "Require(7) node_modules/_egg-schedule@3.6.4@egg-schedule/config/config.default.js",
    "start": 1568690624175,
    "end": 1568690624175,
    "duration": 0,
    "pid": 11680,
    "index": 10
  },
  {
    "name": "Require(8) node_modules/_egg-multipart@2.9.0@egg-multipart/config/config.default.js",
    "start": 1568690624176,
    "end": 1568690624176,
    "duration": 0,
    "pid": 11680,
    "index": 11
  },
  {
    "name": "Require(9) node_modules/_egg-development@2.4.3@egg-development/config/config.default.js",
    "start": 1568690624177,
    "end": 1568690624177,
    "duration": 0,
    "pid": 11680,
    "index": 12
  },
  {
    "name": "Require(10) node_modules/_egg-logrotator@3.1.0@egg-logrotator/config/config.default.js",
    "start": 1568690624178,
    "end": 1568690624178,
    "duration": 0,
    "pid": 11680,
    "index": 13
  },
  {
    "name": "Require(11) node_modules/_egg-static@2.2.0@egg-static/config/config.default.js",
    "start": 1568690624179,
    "end": 1568690624179,
    "duration": 0,
    "pid": 11680,
    "index": 14
  },
  {
    "name": "Require(12) node_modules/_egg-view@2.1.2@egg-view/config/config.default.js",
    "start": 1568690624180,
    "end": 1568690624181,
    "duration": 1,
    "pid": 11680,
    "index": 15
  },
  {
    "name": "Require(13) node_modules/_egg-sequelize@5.2.0@egg-sequelize/config/config.default.js",
    "start": 1568690624182,
    "end": 1568690624182,
    "duration": 0,
    "pid": 11680,
    "index": 16
  },
  {
    "name": "Require(14) node_modules/_egg-view-nunjucks@2.2.0@egg-view-nunjucks/config/config.default.js",
    "start": 1568690624183,
    "end": 1568690624184,
    "duration": 1,
    "pid": 11680,
    "index": 17
  },
  {
    "name": "Require(15) node_modules/_egg-cors@2.2.0@egg-cors/config/config.default.js",
    "start": 1568690624185,
    "end": 1568690624185,
    "duration": 0,
    "pid": 11680,
    "index": 18
  },
  {
    "name": "Require(16) node_modules/_egg@2.23.0@egg/config/config.default.js",
    "start": 1568690624186,
    "end": 1568690624186,
    "duration": 0,
    "pid": 11680,
    "index": 19
  },
  {
    "name": "Require(17) config/config.default.js",
    "start": 1568690624188,
    "end": 1568690624188,
    "duration": 0,
    "pid": 11680,
    "index": 20
  },
  {
    "name": "Require(18) node_modules/_egg-security@2.6.1@egg-security/config/config.local.js",
    "start": 1568690624192,
    "end": 1568690624192,
    "duration": 0,
    "pid": 11680,
    "index": 21
  },
  {
    "name": "Require(19) node_modules/_egg-watcher@3.1.0@egg-watcher/config/config.local.js",
    "start": 1568690624194,
    "end": 1568690624194,
    "duration": 0,
    "pid": 11680,
    "index": 22
  },
  {
    "name": "Require(20) node_modules/_egg-view@2.1.2@egg-view/config/config.local.js",
    "start": 1568690624197,
    "end": 1568690624197,
    "duration": 0,
    "pid": 11680,
    "index": 23
  },
  {
    "name": "Require(21) node_modules/_egg-view-nunjucks@2.2.0@egg-view-nunjucks/config/config.local.js",
    "start": 1568690624199,
    "end": 1568690624199,
    "duration": 0,
    "pid": 11680,
    "index": 24
  },
  {
    "name": "Require(22) node_modules/_egg@2.23.0@egg/config/config.local.js",
    "start": 1568690624200,
    "end": 1568690624201,
    "duration": 1,
    "pid": 11680,
    "index": 25
  },
  {
    "name": "Load extend/application.js",
    "start": 1568690624203,
    "end": 1568690624462,
    "duration": 259,
    "pid": 11680,
    "index": 26
  },
  {
    "name": "Require(23) node_modules/_egg-session@3.1.0@egg-session/app/extend/application.js",
    "start": 1568690624219,
    "end": 1568690624220,
    "duration": 1,
    "pid": 11680,
    "index": 27
  },
  {
    "name": "Require(24) node_modules/_egg-security@2.6.1@egg-security/app/extend/application.js",
    "start": 1568690624220,
    "end": 1568690624222,
    "duration": 2,
    "pid": 11680,
    "index": 28
  },
  {
    "name": "Require(25) node_modules/_egg-jsonp@2.0.0@egg-jsonp/app/extend/application.js",
    "start": 1568690624226,
    "end": 1568690624230,
    "duration": 4,
    "pid": 11680,
    "index": 29
  },
  {
    "name": "Require(26) node_modules/_egg-logrotator@3.1.0@egg-logrotator/app/extend/application.js",
    "start": 1568690624234,
    "end": 1568690624238,
    "duration": 4,
    "pid": 11680,
    "index": 30
  },
  {
    "name": "Require(27) node_modules/_egg-view@2.1.2@egg-view/app/extend/application.js",
    "start": 1568690624246,
    "end": 1568690624256,
    "duration": 10,
    "pid": 11680,
    "index": 31
  },
  {
    "name": "Require(28) node_modules/_egg-view-nunjucks@2.2.0@egg-view-nunjucks/app/extend/application.js",
    "start": 1568690624257,
    "end": 1568690624456,
    "duration": 199,
    "pid": 11680,
    "index": 32
  },
  {
    "name": "Load extend/request.js",
    "start": 1568690624462,
    "end": 1568690624489,
    "duration": 27,
    "pid": 11680,
    "index": 33
  },
  {
    "name": "Require(29) node_modules/_egg@2.23.0@egg/app/extend/request.js",
    "start": 1568690624467,
    "end": 1568690624485,
    "duration": 18,
    "pid": 11680,
    "index": 34
  },
  {
    "name": "Load extend/response.js",
    "start": 1568690624490,
    "end": 1568690624508,
    "duration": 18,
    "pid": 11680,
    "index": 35
  },
  {
    "name": "Require(30) node_modules/_egg@2.23.0@egg/app/extend/response.js",
    "start": 1568690624495,
    "end": 1568690624502,
    "duration": 7,
    "pid": 11680,
    "index": 36
  },
  {
    "name": "Load extend/context.js",
    "start": 1568690624508,
    "end": 1568690624611,
    "duration": 103,
    "pid": 11680,
    "index": 37
  },
  {
    "name": "Require(31) node_modules/_egg-security@2.6.1@egg-security/app/extend/context.js",
    "start": 1568690624509,
    "end": 1568690624530,
    "duration": 21,
    "pid": 11680,
    "index": 38
  },
  {
    "name": "Require(32) node_modules/_egg-jsonp@2.0.0@egg-jsonp/app/extend/context.js",
    "start": 1568690624531,
    "end": 1568690624533,
    "duration": 2,
    "pid": 11680,
    "index": 39
  },
  {
    "name": "Require(33) node_modules/_egg-i18n@2.1.1@egg-i18n/app/extend/context.js",
    "start": 1568690624534,
    "end": 1568690624535,
    "duration": 1,
    "pid": 11680,
    "index": 40
  },
  {
    "name": "Require(34) node_modules/_egg-multipart@2.9.0@egg-multipart/app/extend/context.js",
    "start": 1568690624536,
    "end": 1568690624598,
    "duration": 62,
    "pid": 11680,
    "index": 41
  },
  {
    "name": "Require(35) node_modules/_egg-view@2.1.2@egg-view/app/extend/context.js",
    "start": 1568690624600,
    "end": 1568690624601,
    "duration": 1,
    "pid": 11680,
    "index": 42
  },
  {
    "name": "Require(36) node_modules/_egg@2.23.0@egg/app/extend/context.js",
    "start": 1568690624602,
    "end": 1568690624606,
    "duration": 4,
    "pid": 11680,
    "index": 43
  },
  {
    "name": "Load extend/helper.js",
    "start": 1568690624611,
    "end": 1568690624723,
    "duration": 112,
    "pid": 11680,
    "index": 44
  },
  {
    "name": "Require(37) node_modules/_egg-security@2.6.1@egg-security/app/extend/helper.js",
    "start": 1568690624618,
    "end": 1568690624713,
    "duration": 95,
    "pid": 11680,
    "index": 45
  },
  {
    "name": "Require(38) node_modules/_egg@2.23.0@egg/app/extend/helper.js",
    "start": 1568690624717,
    "end": 1568690624718,
    "duration": 1,
    "pid": 11680,
    "index": 46
  },
  {
    "name": "Load app.js",
    "start": 1568690624723,
    "end": 1568690624921,
    "duration": 198,
    "pid": 11680,
    "index": 47
  },
  {
    "name": "Require(39) node_modules/_egg-session@3.1.0@egg-session/app.js",
    "start": 1568690624723,
    "end": 1568690624724,
    "duration": 1,
    "pid": 11680,
    "index": 48
  },
  {
    "name": "Require(40) node_modules/_egg-security@2.6.1@egg-security/app.js",
    "start": 1568690624724,
    "end": 1568690624745,
    "duration": 21,
    "pid": 11680,
    "index": 49
  },
  {
    "name": "Require(41) node_modules/_egg-onerror@2.1.0@egg-onerror/app.js",
    "start": 1568690624746,
    "end": 1568690624833,
    "duration": 87,
    "pid": 11680,
    "index": 50
  },
  {
    "name": "Require(42) node_modules/_egg-i18n@2.1.1@egg-i18n/app.js",
    "start": 1568690624834,
    "end": 1568690624869,
    "duration": 35,
    "pid": 11680,
    "index": 51
  },
  {
    "name": "Require(43) node_modules/_egg-watcher@3.1.0@egg-watcher/app.js",
    "start": 1568690624870,
    "end": 1568690624876,
    "duration": 6,
    "pid": 11680,
    "index": 52
  },
  {
    "name": "Require(44) node_modules/_egg-schedule@3.6.4@egg-schedule/app.js",
    "start": 1568690624877,
    "end": 1568690624880,
    "duration": 3,
    "pid": 11680,
    "index": 53
  },
  {
    "name": "Require(45) node_modules/_egg-multipart@2.9.0@egg-multipart/app.js",
    "start": 1568690624882,
    "end": 1568690624898,
    "duration": 16,
    "pid": 11680,
    "index": 54
  },
  {
    "name": "Require(46) node_modules/_egg-development@2.4.3@egg-development/app.js",
    "start": 1568690624899,
    "end": 1568690624899,
    "duration": 0,
    "pid": 11680,
    "index": 55
  },
  {
    "name": "Require(47) node_modules/_egg-logrotator@3.1.0@egg-logrotator/app.js",
    "start": 1568690624900,
    "end": 1568690624900,
    "duration": 0,
    "pid": 11680,
    "index": 56
  },
  {
    "name": "Require(48) node_modules/_egg-static@2.2.0@egg-static/app.js",
    "start": 1568690624903,
    "end": 1568690624903,
    "duration": 0,
    "pid": 11680,
    "index": 57
  },
  {
    "name": "Require(49) node_modules/_egg-sequelize@5.2.0@egg-sequelize/app.js",
    "start": 1568690624905,
    "end": 1568690624905,
    "duration": 0,
    "pid": 11680,
    "index": 58
  },
  {
    "name": "Require(50) node_modules/_egg-view-nunjucks@2.2.0@egg-view-nunjucks/app.js",
    "start": 1568690624905,
    "end": 1568690624906,
    "duration": 1,
    "pid": 11680,
    "index": 59
  },
  {
    "name": "Require(51) node_modules/_egg-cors@2.2.0@egg-cors/app.js",
    "start": 1568690624912,
    "end": 1568690624913,
    "duration": 1,
    "pid": 11680,
    "index": 60
  },
  {
    "name": "Require(52) app.js",
    "start": 1568690624914,
    "end": 1568690624921,
    "duration": 7,
    "pid": 11680,
    "index": 61
  },
  {
    "name": "Before Start in node_modules/_egg-watcher@3.1.0@egg-watcher/lib/init.js:15:14",
    "start": 1568690624944,
    "end": 1568690626134,
    "duration": 1190,
    "pid": 11680,
    "index": 62
  },
  {
    "name": "Load \"Symbol(model)\" to Application",
    "start": 1568690625421,
    "end": 1568690625435,
    "duration": 14,
    "pid": 11680,
    "index": 63
  },
  {
    "name": "Before Start in node_modules/_egg-sequelize@5.2.0@egg-sequelize/lib/loader.js:39:7",
    "start": 1568690625435,
    "end": 1568690626200,
    "duration": 765,
    "pid": 11680,
    "index": 64
  },
  {
    "name": "Before Start in app.js:2:9",
    "start": 1568690625436,
    "end": 1568690628175,
    "duration": 2739,
    "pid": 11680,
    "index": 65
  },
  {
    "name": "Load Service",
    "start": 1568690625436,
    "end": 1568690625500,
    "duration": 64,
    "pid": 11680,
    "index": 66
  },
  {
    "name": "Load \"service\" to Context",
    "start": 1568690625436,
    "end": 1568690625500,
    "duration": 64,
    "pid": 11680,
    "index": 67
  },
  {
    "name": "Load Middleware",
    "start": 1568690625500,
    "end": 1568690626033,
    "duration": 533,
    "pid": 11680,
    "index": 68
  },
  {
    "name": "Load \"middlewares\" to Application",
    "start": 1568690625500,
    "end": 1568690626019,
    "duration": 519,
    "pid": 11680,
    "index": 69
  },
  {
    "name": "Load Controller",
    "start": 1568690626033,
    "end": 1568690626079,
    "duration": 46,
    "pid": 11680,
    "index": 70
  },
  {
    "name": "Load \"controller\" to Application",
    "start": 1568690626033,
    "end": 1568690626079,
    "duration": 46,
    "pid": 11680,
    "index": 71
  },
  {
    "name": "Load Router",
    "start": 1568690626079,
    "end": 1568690626082,
    "duration": 3,
    "pid": 11680,
    "index": 72
  },
  {
    "name": "Require(53) app/router.js",
    "start": 1568690626080,
    "end": 1568690626080,
    "duration": 0,
    "pid": 11680,
    "index": 73
  },
  {
    "name": "Before Start in node_modules/_egg-core@4.17.3@egg-core/lib/egg.js:303:10",
    "start": 1568690626080,
    "end": 1568690626114,
    "duration": 34,
    "pid": 11680,
    "index": 74
  }
]